-- SUPABASE MIGRATION
-- Run this SQL in your Supabase SQL Editor (Dashboard > SQL Editor)
-- Or via: supabase migration up

-- ===== USERS (auth) =====
CREATE TABLE IF NOT EXISTS users (
  id uuid DEFAULT gen_random_uuid() PRIMARY KEY,
  username text UNIQUE NOT NULL,
  password text NOT NULL,
  role text NOT NULL DEFAULT 'student' CHECK (role IN ('student', 'admin')),
  ref_id text,
  email text,
  created_at timestamptz DEFAULT now()
);

-- ===== STUDENTS =====
CREATE TABLE IF NOT EXISTS students (
  id text PRIMARY KEY,
  name text NOT NULL,
  email text,
  dept text NOT NULL,
  year text NOT NULL,
  sem int NOT NULL DEFAULT 1,
  phone text,
  address text,
  cgpa real DEFAULT 0,
  photo text,
  created_at timestamptz DEFAULT now()
);

-- ===== FACULTY =====
CREATE TABLE IF NOT EXISTS faculty (
  id text PRIMARY KEY,
  name text NOT NULL,
  dept text NOT NULL,
  designation text,
  subjects text,
  email text,
  phone text,
  created_at timestamptz DEFAULT now()
);

-- ===== RESULTS =====
CREATE TABLE IF NOT EXISTS results (
  id serial PRIMARY KEY,
  student_id text REFERENCES students(id) ON DELETE CASCADE,
  semester int NOT NULL,
  subject text NOT NULL,
  credits int NOT NULL,
  marks int NOT NULL,
  grade text,
  points int,
  created_at timestamptz DEFAULT now()
);

-- ===== FEES =====
CREATE TABLE IF NOT EXISTS fees (
  id serial PRIMARY KEY,
  student_id text REFERENCES students(id) ON DELETE CASCADE,
  description text NOT NULL,
  amount int NOT NULL,
  paid int DEFAULT 0,
  date date,
  status text DEFAULT 'unpaid' CHECK (status IN ('paid', 'partial', 'unpaid')),
  created_at timestamptz DEFAULT now()
);

-- ===== ATTENDANCE =====
CREATE TABLE IF NOT EXISTS attendance (
  id serial PRIMARY KEY,
  student_id text REFERENCES students(id) ON DELETE CASCADE,
  subject text NOT NULL,
  total int DEFAULT 0,
  attended int DEFAULT 0,
  created_at timestamptz DEFAULT now()
);

-- ===== NOTICES =====
CREATE TABLE IF NOT EXISTS notices (
  id serial PRIMARY KEY,
  title text NOT NULL,
  body text,
  date date DEFAULT CURRENT_DATE,
  is_published boolean DEFAULT true,
  created_at timestamptz DEFAULT now()
);

-- ===== INDEXES =====
CREATE INDEX IF NOT EXISTS idx_results_student ON results(student_id);
CREATE INDEX IF NOT EXISTS idx_fees_student ON fees(student_id);
CREATE INDEX IF NOT EXISTS idx_attendance_student ON attendance(student_id);
CREATE INDEX IF NOT EXISTS idx_users_username ON users(username);

-- ===== SEED DATA (optional) =====
-- Run these inserts to populate initial data matching the mock dataset.

INSERT INTO students (id, name, email, dept, year, sem, phone, address, cgpa) VALUES
  ('S1001', 'Arif Hossain', 'arif@uist.edu', 'CSE', '3rd', 5, '01711111111', 'Dhaka', 8.7),
  ('S1002', 'Fatima Begum', 'fatima@uist.edu', 'EEE', '2nd', 3, '01711111112', 'Chittagong', 8.2),
  ('S1003', 'Tanvir Ahmed', 'tanvir@uist.edu', 'BBA', '4th', 7, '01711111113', 'Sylhet', 7.9),
  ('S1004', 'Nusrat Jahan', 'nusrat@uist.edu', 'Civil', '3rd', 5, '01711111114', 'Rajshahi', 9.1),
  ('S1005', 'Mahbub Karim', 'mahbub@uist.edu', 'CSE', '1st', 1, '01711111115', 'Khulna', 8.5),
  ('S1006', 'Shamim Reza', 'shamim@uist.edu', 'EEE', '3rd', 5, '01711111116', 'Barisal', 8.9),
  ('S1007', 'Jannatul Ferdous', 'jannatul@uist.edu', 'BBA', '2nd', 3, '01711111117', 'Dhaka', 8.1),
  ('S1008', 'Hasan Mahmud', 'hasan@uist.edu', 'Civil', '4th', 7, '01711111118', 'Comilla', 7.7),
  ('S1009', 'Tahmina Akhter', 'tahmina@uist.edu', 'CSE', '2nd', 3, '01711111119', 'Mymensingh', 9.3),
  ('S1010', 'Rafiul Islam', 'rafiul@uist.edu', 'BBA', '1st', 1, '01711111120', 'Rangpur', 8.0);

INSERT INTO faculty (id, name, dept, designation, subjects, email, phone) VALUES
  ('F1001', 'Prof. Kamal Hossain', 'CSE', 'Professor & Head', 'Data Structures, Algorithms', 'kamal@uist.edu', '01711111121'),
  ('F1002', 'Dr. Farzana Akhter', 'EEE', 'Associate Professor', 'Circuit Analysis, Power Systems', 'farzana@uist.edu', '01711111122'),
  ('F1003', 'Mr. Shahidul Islam', 'BBA', 'Assistant Professor', 'Marketing, Finance', 'shahidul@uist.edu', '01711111123'),
  ('F1004', 'Dr. Mahmuda Begum', 'Civil', 'Professor', 'Structural Analysis, Geotechnical Engg', 'mahmuda@uist.edu', '01711111124');

INSERT INTO notices (title, body, date, is_published) VALUES
  ('Semester Final Exam Schedule', 'End semester examinations will begin from June 10, 2025.', '2025-04-01', true),
  ('Tech Fest 2025', 'Annual inter-university tech fest. Prizes worth Tk. 2,00,000.', '2025-03-20', true),
  ('Library Extended Hours', 'Library open until 11 PM during exam season.', '2025-03-15', true),
  ('Internship Opportunity', 'Google Summer of Code 2025 — contact CSE department.', '2025-03-10', true),
  ('Campus Placement Drive', 'Top recruiters visiting campus in June.', '2025-03-05', true);

-- NOTE: passwords are SHA-256 hashed with salt 'uist-salt'
-- admin123 -> d5e4e5fe1a3b570a32c52d31a467e8554e50d0612e35da96e9c389effeb852f9
-- pass123  -> 6b78401be628604883012ba4f647e2323ba9cb5ac49e123aedbadc42c355b3b6
INSERT INTO users (username, password, role, ref_id) VALUES
  ('admin', 'd5e4e5fe1a3b570a32c52d31a467e8554e50d0612e35da96e9c389effeb852f9', 'admin', NULL),
  ('S1001', '6b78401be628604883012ba4f647e2323ba9cb5ac49e123aedbadc42c355b3b6', 'student', 'S1001'),
  ('S1002', '6b78401be628604883012ba4f647e2323ba9cb5ac49e123aedbadc42c355b3b6', 'student', 'S1002'),
  ('S1003', '6b78401be628604883012ba4f647e2323ba9cb5ac49e123aedbadc42c355b3b6', 'student', 'S1003'),
  ('S1004', '6b78401be628604883012ba4f647e2323ba9cb5ac49e123aedbadc42c355b3b6', 'student', 'S1004'),
  ('S1005', '6b78401be628604883012ba4f647e2323ba9cb5ac49e123aedbadc42c355b3b6', 'student', 'S1005'),
  ('S1006', '6b78401be628604883012ba4f647e2323ba9cb5ac49e123aedbadc42c355b3b6', 'student', 'S1006'),
  ('S1007', '6b78401be628604883012ba4f647e2323ba9cb5ac49e123aedbadc42c355b3b6', 'student', 'S1007'),
  ('S1008', '6b78401be628604883012ba4f647e2323ba9cb5ac49e123aedbadc42c355b3b6', 'student', 'S1008'),
  ('S1009', '6b78401be628604883012ba4f647e2323ba9cb5ac49e123aedbadc42c355b3b6', 'student', 'S1009'),
  ('S1010', '6b78401be628604883012ba4f647e2323ba9cb5ac49e123aedbadc42c355b3b6', 'student', 'S1010');

-- ===== RESULTS (seed data) =====
INSERT INTO results (student_id, semester, subject, credits, marks, grade, points) VALUES
  -- S1001 (CSE, sem 5)
  ('S1001', 1, 'Mathematics I', 4, 82, 'A', 4),
  ('S1001', 1, 'Programming Fund.', 4, 88, 'A', 4),
  ('S1001', 1, 'Digital Logic', 3, 75, 'B+', 3),
  ('S1001', 1, 'English', 2, 90, 'A+', 4),
  ('S1001', 1, 'Physics', 3, 80, 'A', 4),
  ('S1001', 2, 'Mathematics II', 4, 85, 'A', 4),
  ('S1001', 2, 'Data Structures', 4, 78, 'B+', 3),
  ('S1001', 2, 'Discrete Math', 3, 82, 'A', 4),
  ('S1001', 2, 'Computer Org.', 3, 80, 'A', 4),
  ('S1001', 2, 'Electronics', 3, 76, 'B+', 3),
  ('S1001', 3, 'OOP', 4, 88, 'A', 4),
  ('S1001', 3, 'Database Systems', 4, 90, 'A+', 4),
  ('S1001', 3, 'Operating Systems', 3, 72, 'B', 3),
  ('S1001', 3, 'Networks', 3, 78, 'B+', 3),
  ('S1001', 3, 'Software Engg.', 3, 85, 'A', 4),
  ('S1001', 4, 'Algorithms', 4, 80, 'A', 4),
  ('S1001', 4, 'Web Technologies', 4, 86, 'A', 4),
  ('S1001', 4, 'Machine Learning', 3, 82, 'A', 4),
  ('S1001', 4, 'Compiler Design', 3, 74, 'B', 3),
  ('S1001', 4, 'Security', 3, 88, 'A', 4),
  ('S1001', 5, 'AI', 4, 85, 'A', 4),
  ('S1001', 5, 'Cloud Computing', 4, 78, 'B+', 3),
  ('S1001', 5, 'Data Science', 3, 90, 'A+', 4),
  ('S1001', 5, 'Blockchain', 3, 72, 'B', 3),
  ('S1001', 5, 'IoT', 3, 82, 'A', 4),
  -- S1002 (EEE, sem 3)
  ('S1002', 1, 'Mathematics I', 4, 78, 'B+', 3),
  ('S1002', 1, 'Basic Electrical', 4, 85, 'A', 4),
  ('S1002', 1, 'Engg Physics', 3, 80, 'A', 4),
  ('S1002', 1, 'English', 2, 75, 'B+', 3),
  ('S1002', 1, 'Drawing', 3, 70, 'B', 3),
  ('S1002', 2, 'Mathematics II', 4, 80, 'A', 4),
  ('S1002', 2, 'Circuit Analysis', 4, 88, 'A', 4),
  ('S1002', 2, 'Analog Electronics', 3, 76, 'B+', 3),
  ('S1002', 2, 'Digital Electronics', 3, 82, 'A', 4),
  ('S1002', 2, 'Instrumentation', 3, 84, 'A', 4),
  ('S1002', 3, 'Electrical Machines', 4, 72, 'B', 3),
  ('S1002', 3, 'Power Systems', 4, 82, 'A', 4),
  ('S1002', 3, 'Control Systems', 3, 80, 'A', 4),
  ('S1002', 3, 'Microprocessors', 3, 78, 'B+', 3),
  ('S1002', 3, 'Signal Proc.', 3, 85, 'A', 4),
  -- S1003 (BBA, sem 7)
  ('S1003', 1, 'Management Principles', 4, 76, 'B+', 3),
  ('S1003', 1, 'Microeconomics', 4, 80, 'A', 4),
  ('S1003', 1, 'Financial Acct.', 3, 72, 'B', 3),
  ('S1003', 1, 'Business English', 2, 88, 'A', 4),
  ('S1003', 1, 'Business Math', 3, 74, 'B', 3),
  ('S1003', 3, 'HR Management', 4, 82, 'A', 4),
  ('S1003', 3, 'Financial Mgmt.', 4, 78, 'B+', 3),
  ('S1003', 3, 'Operations Research', 3, 80, 'A', 4),
  ('S1003', 3, 'Taxation', 3, 76, 'B+', 3),
  ('S1003', 3, 'Entrepreneurship', 3, 84, 'A', 4),
  ('S1003', 5, 'Strategic Mgmt.', 4, 72, 'B', 3),
  ('S1003', 5, 'Consumer Behavior', 4, 78, 'B+', 3),
  ('S1003', 5, 'Research Methods', 3, 80, 'A', 4),
  ('S1003', 5, 'Supply Chain', 3, 82, 'A', 4),
  ('S1003', 5, 'Business Ethics', 3, 76, 'B+', 3),
  ('S1003', 7, 'International Business', 4, 80, 'A', 4),
  ('S1003', 7, 'Investment Analysis', 4, 74, 'B', 3),
  ('S1003', 7, 'Corporate Finance', 3, 82, 'A', 4),
  ('S1003', 7, 'E-Commerce', 3, 78, 'B+', 3),
  ('S1003', 7, 'Strategic Management', 3, 85, 'A', 4),
  -- S1004 (Civil, sem 5)
  ('S1004', 1, 'Mathematics I', 4, 88, 'A', 4),
  ('S1004', 1, 'Engg Mechanics', 4, 92, 'A+', 4),
  ('S1004', 1, 'Building Materials', 3, 85, 'A', 4),
  ('S1004', 1, 'English', 2, 90, 'A+', 4),
  ('S1004', 1, 'Drawing', 3, 86, 'A', 4),
  ('S1004', 2, 'Mathematics II', 4, 90, 'A+', 4),
  ('S1004', 2, 'Surveying', 4, 88, 'A', 4),
  ('S1004', 2, 'Fluid Mechanics', 3, 85, 'A', 4),
  ('S1004', 2, 'Strength of Mat.', 3, 82, 'A', 4),
  ('S1004', 2, 'Env. Studies', 3, 80, 'A', 4),
  ('S1004', 3, 'Structural Analysis', 4, 92, 'A+', 4),
  ('S1004', 3, 'Geotechnical Engg', 4, 88, 'A', 4),
  ('S1004', 3, 'Transportation', 3, 90, 'A+', 4),
  ('S1004', 3, 'Hydrology', 3, 85, 'A', 4),
  ('S1004', 3, 'Concrete Tech.', 3, 86, 'A', 4),
  ('S1004', 4, 'Steel Structures', 4, 90, 'A+', 4),
  ('S1004', 4, 'Foundation Engg', 4, 88, 'A', 4),
  ('S1004', 4, 'Traffic Engg', 3, 82, 'A', 4),
  ('S1004', 4, 'Irrigation Engg', 3, 85, 'A', 4),
  ('S1004', 4, 'Construction Tech', 3, 84, 'A', 4),
  ('S1004', 5, 'Advanced Structural Design', 4, 90, 'A+', 4),
  ('S1004', 5, 'Construction Management', 4, 86, 'A', 4),
  ('S1004', 5, 'Earthquake Engg', 3, 88, 'A', 4),
  ('S1004', 5, 'Water Resources', 3, 84, 'A', 4),
  ('S1004', 5, 'Environmental Impact', 3, 82, 'A', 4),
  -- S1005 (CSE, sem 1)
  ('S1005', 1, 'Mathematics I', 4, 82, 'A', 4),
  ('S1005', 1, 'Programming Fund.', 4, 88, 'A', 4),
  ('S1005', 1, 'Digital Logic', 3, 80, 'A', 4),
  ('S1005', 1, 'English', 2, 76, 'B+', 3),
  ('S1005', 1, 'Physics', 3, 85, 'A', 4),
  -- S1006 (EEE, sem 5)
  ('S1006', 1, 'Mathematics I', 4, 90, 'A+', 4),
  ('S1006', 1, 'Basic Electrical', 4, 88, 'A', 4),
  ('S1006', 1, 'Engg Physics', 3, 85, 'A', 4),
  ('S1006', 1, 'English', 2, 80, 'A', 4),
  ('S1006', 1, 'Drawing', 3, 82, 'A', 4),
  ('S1006', 2, 'Mathematics II', 4, 86, 'A', 4),
  ('S1006', 2, 'Circuit Analysis', 4, 90, 'A+', 4),
  ('S1006', 2, 'Analog Electronics', 3, 84, 'A', 4),
  ('S1006', 2, 'Digital Electronics', 3, 82, 'A', 4),
  ('S1006', 2, 'Instrumentation', 3, 80, 'A', 4),
  ('S1006', 3, 'Electrical Machines', 4, 88, 'A', 4),
  ('S1006', 3, 'Power Systems', 4, 85, 'A', 4),
  ('S1006', 3, 'Control Systems', 3, 82, 'A', 4),
  ('S1006', 3, 'Microprocessors', 3, 86, 'A', 4),
  ('S1006', 3, 'Signal Proc.', 3, 80, 'A', 4),
  ('S1006', 4, 'Power Electronics', 4, 88, 'A', 4),
  ('S1006', 4, 'Communication Systems', 4, 85, 'A', 4),
  ('S1006', 4, 'Digital Signal Proc.', 3, 82, 'A', 4),
  ('S1006', 4, 'VLSI Design', 3, 80, 'A', 4),
  ('S1006', 4, 'Measurements', 3, 86, 'A', 4),
  ('S1006', 5, 'Advanced Power Systems', 4, 85, 'A', 4),
  ('S1006', 5, 'Renewable Energy', 4, 90, 'A+', 4),
  ('S1006', 5, 'Electrical Drives', 3, 82, 'A', 4),
  ('S1006', 5, 'Smart Grid', 3, 88, 'A', 4),
  ('S1006', 5, 'Embedded Systems', 3, 84, 'A', 4),
  -- S1007 (BBA, sem 3)
  ('S1007', 1, 'Management Principles', 4, 78, 'B+', 3),
  ('S1007', 1, 'Microeconomics', 4, 82, 'A', 4),
  ('S1007', 1, 'Financial Acct.', 3, 80, 'A', 4),
  ('S1007', 1, 'Business English', 2, 76, 'B+', 3),
  ('S1007', 1, 'Business Math', 3, 84, 'A', 4),
  ('S1007', 2, 'Macroeconomics', 4, 80, 'A', 4),
  ('S1007', 2, 'Marketing Mgmt.', 4, 85, 'A', 4),
  ('S1007', 2, 'Org. Behavior', 3, 78, 'B+', 3),
  ('S1007', 2, 'Cost Accounting', 3, 82, 'A', 4),
  ('S1007', 2, 'Business Law', 3, 76, 'B+', 3),
  ('S1007', 3, 'HR Management', 4, 84, 'A', 4),
  ('S1007', 3, 'Financial Mgmt.', 4, 80, 'A', 4),
  ('S1007', 3, 'Operations Research', 3, 82, 'A', 4),
  ('S1007', 3, 'Taxation', 3, 78, 'B+', 3),
  ('S1007', 3, 'Entrepreneurship', 3, 85, 'A', 4),
  -- S1008 (Civil, sem 7)
  ('S1008', 1, 'Mathematics I', 4, 76, 'B+', 3),
  ('S1008', 1, 'Engg Mechanics', 4, 80, 'A', 4),
  ('S1008', 1, 'Building Materials', 3, 72, 'B', 3),
  ('S1008', 1, 'English', 2, 78, 'B+', 3),
  ('S1008', 1, 'Drawing', 3, 74, 'B', 3),
  ('S1008', 3, 'Structural Analysis', 4, 82, 'A', 4),
  ('S1008', 3, 'Geotechnical Engg', 4, 78, 'B+', 3),
  ('S1008', 3, 'Transportation', 3, 80, 'A', 4),
  ('S1008', 3, 'Hydrology', 3, 76, 'B+', 3),
  ('S1008', 3, 'Concrete Tech.', 3, 72, 'B', 3),
  ('S1008', 5, 'Steel Structures', 4, 78, 'B+', 3),
  ('S1008', 5, 'Foundation Engg', 4, 74, 'B', 3),
  ('S1008', 5, 'Traffic Engg', 3, 80, 'A', 4),
  ('S1008', 5, 'Irrigation Engg', 3, 76, 'B+', 3),
  ('S1008', 5, 'Construction Tech', 3, 70, 'B', 3),
  ('S1008', 7, 'Advanced Structural Design', 4, 76, 'B+', 3),
  ('S1008', 7, 'Construction Management', 4, 72, 'B', 3),
  ('S1008', 7, 'Earthquake Engg', 3, 78, 'B+', 3),
  ('S1008', 7, 'Water Resources', 3, 74, 'B', 3),
  ('S1008', 7, 'Environmental Impact', 3, 80, 'A', 4),
  -- S1009 (CSE, sem 3)
  ('S1009', 1, 'Mathematics I', 4, 92, 'A+', 4),
  ('S1009', 1, 'Programming Fund.', 4, 95, 'A+', 4),
  ('S1009', 1, 'Digital Logic', 3, 90, 'A+', 4),
  ('S1009', 1, 'English', 2, 88, 'A', 4),
  ('S1009', 1, 'Physics', 3, 94, 'A+', 4),
  ('S1009', 2, 'Mathematics II', 4, 90, 'A+', 4),
  ('S1009', 2, 'Data Structures', 4, 88, 'A', 4),
  ('S1009', 2, 'Discrete Math', 3, 92, 'A+', 4),
  ('S1009', 2, 'Computer Org.', 3, 85, 'A', 4),
  ('S1009', 2, 'Electronics', 3, 90, 'A+', 4),
  ('S1009', 3, 'OOP', 4, 95, 'A+', 4),
  ('S1009', 3, 'Database Systems', 4, 92, 'A+', 4),
  ('S1009', 3, 'Operating Systems', 3, 88, 'A', 4),
  ('S1009', 3, 'Networks', 3, 90, 'A+', 4),
  ('S1009', 3, 'Software Engg.', 3, 85, 'A', 4),
  -- S1010 (BBA, sem 1)
  ('S1010', 1, 'Management Principles', 4, 78, 'B+', 3),
  ('S1010', 1, 'Microeconomics', 4, 82, 'A', 4),
  ('S1010', 1, 'Financial Acct.', 3, 80, 'A', 4),
  ('S1010', 1, 'Business English', 2, 76, 'B+', 3),
  ('S1010', 1, 'Business Math', 3, 84, 'A', 4);

-- ===== FEES (seed data) =====
INSERT INTO fees (student_id, description, amount, paid, date, status) VALUES
  ('S1001', 'Tuition Fee Sem 1', 45000, 45000, '2024-07-15', 'paid'),
  ('S1001', 'Lab Fee', 8000, 8000, '2024-08-01', 'paid'),
  ('S1001', 'Tuition Fee Sem 2', 45000, 45000, '2025-01-10', 'paid'),
  ('S1001', 'Hostel Fee', 25000, 25000, '2025-01-10', 'paid'),
  ('S1001', 'Library Fee', 5000, 5000, '2024-07-15', 'paid'),
  ('S1001', 'Exam Fee', 3000, 3000, '2025-03-01', 'paid'),
  ('S1002', 'Tuition Fee Sem 1', 45000, 45000, '2024-07-15', 'paid'),
  ('S1002', 'Lab Fee', 8000, 8000, '2024-08-01', 'paid'),
  ('S1002', 'Tuition Fee Sem 2', 45000, 30000, '2025-01-10', 'partial'),
  ('S1002', 'Library Fee', 5000, 5000, '2024-07-15', 'paid'),
  ('S1002', 'Exam Fee', 3000, 0, '2025-03-01', 'unpaid'),
  ('S1002', 'Hostel Fee', 25000, 25000, '2025-01-10', 'paid'),
  ('S1003', 'Tuition Fee Sem 1', 45000, 45000, '2024-07-15', 'paid'),
  ('S1003', 'Lab Fee', 8000, 8000, '2024-08-01', 'paid'),
  ('S1003', 'Tuition Fee Sem 2', 45000, 45000, '2025-01-10', 'paid'),
  ('S1003', 'Library Fee', 5000, 5000, '2024-07-15', 'paid'),
  ('S1003', 'Hostel Fee', 25000, 25000, '2025-01-10', 'paid'),
  ('S1003', 'Exam Fee', 3000, 3000, '2025-03-01', 'paid'),
  ('S1004', 'Tuition Fee Sem 1', 45000, 45000, '2024-07-15', 'paid'),
  ('S1004', 'Lab Fee', 8000, 8000, '2024-08-01', 'paid'),
  ('S1004', 'Tuition Fee Sem 2', 45000, 45000, '2025-01-10', 'paid'),
  ('S1004', 'Library Fee', 5000, 5000, '2024-07-15', 'paid'),
  ('S1004', 'Hostel Fee', 25000, 25000, '2025-01-10', 'paid'),
  ('S1004', 'Exam Fee', 3000, 3000, '2025-03-01', 'paid'),
  ('S1005', 'Tuition Fee Sem 1', 45000, 30000, '2025-01-10', 'partial'),
  ('S1005', 'Lab Fee', 8000, 8000, '2025-01-15', 'paid'),
  ('S1005', 'Library Fee', 5000, 5000, '2025-01-10', 'paid'),
  ('S1005', 'Exam Fee', 3000, 0, '2025-03-01', 'unpaid'),
  ('S1006', 'Tuition Fee Sem 1', 45000, 45000, '2024-07-15', 'paid'),
  ('S1006', 'Lab Fee', 8000, 8000, '2024-08-01', 'paid'),
  ('S1006', 'Tuition Fee Sem 2', 45000, 45000, '2025-01-10', 'paid'),
  ('S1006', 'Library Fee', 5000, 5000, '2024-07-15', 'paid'),
  ('S1006', 'Hostel Fee', 25000, 25000, '2025-01-10', 'paid'),
  ('S1006', 'Exam Fee', 3000, 3000, '2025-03-01', 'paid'),
  ('S1007', 'Tuition Fee Sem 1', 45000, 45000, '2024-07-15', 'paid'),
  ('S1007', 'Lab Fee', 8000, 8000, '2024-08-01', 'paid'),
  ('S1007', 'Tuition Fee Sem 2', 45000, 30000, '2025-01-10', 'partial'),
  ('S1007', 'Library Fee', 5000, 5000, '2024-07-15', 'paid'),
  ('S1007', 'Exam Fee', 3000, 0, '2025-03-01', 'unpaid'),
  ('S1008', 'Tuition Fee Sem 1', 45000, 45000, '2024-07-15', 'paid'),
  ('S1008', 'Lab Fee', 8000, 8000, '2024-08-01', 'paid'),
  ('S1008', 'Tuition Fee Sem 2', 45000, 45000, '2025-01-10', 'paid'),
  ('S1008', 'Library Fee', 5000, 5000, '2024-07-15', 'paid'),
  ('S1008', 'Hostel Fee', 25000, 25000, '2025-01-10', 'paid'),
  ('S1008', 'Exam Fee', 3000, 3000, '2025-03-01', 'paid'),
  ('S1009', 'Tuition Fee Sem 1', 45000, 45000, '2024-07-15', 'paid'),
  ('S1009', 'Lab Fee', 8000, 8000, '2024-08-01', 'paid'),
  ('S1009', 'Tuition Fee Sem 2', 45000, 45000, '2025-01-10', 'paid'),
  ('S1009', 'Library Fee', 5000, 5000, '2024-07-15', 'paid'),
  ('S1009', 'Exam Fee', 3000, 3000, '2025-03-01', 'paid'),
  ('S1010', 'Tuition Fee Sem 1', 45000, 45000, '2025-01-10', 'paid'),
  ('S1010', 'Lab Fee', 8000, 8000, '2025-01-15', 'paid'),
  ('S1010', 'Library Fee', 5000, 5000, '2025-01-10', 'paid'),
  ('S1010', 'Exam Fee', 3000, 0, '2025-03-01', 'unpaid');

-- ===== ATTENDANCE (seed data) =====
INSERT INTO attendance (student_id, subject, total, attended) VALUES
  ('S1001', 'AI', 30, 28),
  ('S1001', 'Cloud Computing', 30, 25),
  ('S1001', 'Data Science', 30, 30),
  ('S1001', 'Blockchain', 28, 22),
  ('S1001', 'IoT', 30, 27),
  ('S1002', 'Electrical Machines', 30, 26),
  ('S1002', 'Power Systems', 30, 28),
  ('S1002', 'Control Systems', 28, 24),
  ('S1002', 'Microprocessors', 30, 25),
  ('S1002', 'Signal Proc.', 28, 26),
  ('S1003', 'International Business', 30, 28),
  ('S1003', 'Investment Analysis', 28, 24),
  ('S1003', 'Corporate Finance', 30, 26),
  ('S1003', 'E-Commerce', 28, 25),
  ('S1003', 'Strategic Management', 30, 27),
  ('S1004', 'Advanced Structural Design', 30, 30),
  ('S1004', 'Construction Management', 30, 28),
  ('S1004', 'Earthquake Engg', 28, 27),
  ('S1004', 'Water Resources', 30, 29),
  ('S1004', 'Environmental Impact', 28, 26),
  ('S1005', 'Mathematics I', 28, 26),
  ('S1005', 'Programming Fund.', 30, 28),
  ('S1005', 'Digital Logic', 28, 25),
  ('S1005', 'English', 24, 22),
  ('S1005', 'Physics', 28, 27),
  ('S1006', 'Advanced Power Systems', 30, 28),
  ('S1006', 'Renewable Energy', 30, 30),
  ('S1006', 'Electrical Drives', 28, 26),
  ('S1006', 'Smart Grid', 30, 27),
  ('S1006', 'Embedded Systems', 28, 25),
  ('S1007', 'HR Management', 30, 26),
  ('S1007', 'Financial Mgmt.', 30, 28),
  ('S1007', 'Operations Research', 28, 24),
  ('S1007', 'Taxation', 28, 23),
  ('S1007', 'Entrepreneurship', 30, 27),
  ('S1008', 'Advanced Structural Design', 30, 24),
  ('S1008', 'Construction Management', 30, 22),
  ('S1008', 'Earthquake Engg', 28, 20),
  ('S1008', 'Water Resources', 30, 23),
  ('S1008', 'Environmental Impact', 28, 25),
  ('S1009', 'OOP', 30, 30),
  ('S1009', 'Database Systems', 30, 29),
  ('S1009', 'Operating Systems', 28, 26),
  ('S1009', 'Networks', 28, 28),
  ('S1009', 'Software Engg.', 30, 27),
  ('S1010', 'Management Principles', 28, 26),
  ('S1010', 'Microeconomics', 30, 28),
  ('S1010', 'Financial Acct.', 28, 25),
  ('S1010', 'Business English', 24, 22),
  ('S1010', 'Business Math', 28, 24);
